galieleo,galieleo@ldap.forumsys.com,Galileo Galilei
einstein,einstein@ldap.forumsys.com,Albert Einstein
newton,newton@ldap.forumsys.com,Isaac Newton
tesla,tesla@ldap.forumsys.com,Nikola Tesla
gauss,gauss@ldap.forumsys.com,Carl Friedrich Gauss
riemann,riemann@ldap.forumsys.com,Bernhard Riemann
euclid,euclid@ldap.forumsys.com,Euclid
euler,euler@ldap.forumsys.com,Leonhard Euler
newton,newton@ldap.forumsys.com,Isaac Newton
einstein,einstein@ldap.forumsys.com,Albert Einstein
tesla,tesla@ldap.forumsys.com,Nikola Tesla
galieleo,galieleo@ldap.forumsys.com,Galileo Galilei
euler,euler@ldap.forumsys.com,Leonhard Euler
euclid,euclid@ldap.forumsys.com,Euclid
gauss,gauss@ldap.forumsys.com,Carl Friedrich Gauss
riemann,riemann@ldap.forumsys.com,Bernhard Riemann
galieleo,galieleo@ldap.forumsys.com,Galileo Galilei
tesla,tesla@ldap.forumsys.com,Nikola Tesla
newton,newton@ldap.forumsys.com,Isaac Newton
einstein,einstein@ldap.forumsys.com,Albert Einstein
riemann,riemann@ldap.forumsys.com,Bernhard Riemann
euclid,euclid@ldap.forumsys.com,Euclid
euler,euler@ldap.forumsys.com,Leonhard Euler
gauss,gauss@ldap.forumsys.com,Carl Friedrich Gauss
newton,newton@ldap.forumsys.com,Isaac Newton
einstein,einstein@ldap.forumsys.com,Albert Einstein
galieleo,galieleo@ldap.forumsys.com,Galileo Galilei
tesla,tesla@ldap.forumsys.com,Nikola Tesla
euclid,euclid@ldap.forumsys.com,Euclid
euler,euler@ldap.forumsys.com,Leonhard Euler
riemann,riemann@ldap.forumsys.com,Bernhard Riemann
gauss,gauss@ldap.forumsys.com,Carl Friedrich Gauss
einstein,einstein@ldap.forumsys.com,Albert Einstein
galieleo,galieleo@ldap.forumsys.com,Galileo Galilei
tesla,tesla@ldap.forumsys.com,Nikola Tesla
newton,newton@ldap.forumsys.com,Isaac Newton
euclid,euclid@ldap.forumsys.com,Euclid
riemann,riemann@ldap.forumsys.com,Bernhard Riemann
euler,euler@ldap.forumsys.com,Leonhard Euler
gauss,gauss@ldap.forumsys.com,Carl Friedrich Gauss
tesla,tesla@ldap.forumsys.com,Nikola Tesla
newton,newton@ldap.forumsys.com,Isaac Newton
galieleo,galieleo@ldap.forumsys.com,Galileo Galilei
einstein,einstein@ldap.forumsys.com,Albert Einstein
euclid,euclid@ldap.forumsys.com,Euclid
gauss,gauss@ldap.forumsys.com,Carl Friedrich Gauss
euler,euler@ldap.forumsys.com,Leonhard Euler
riemann,riemann@ldap.forumsys.com,Bernhard Riemann
